sale_id,date,customer_id,product_id,quantity,total_amount
85e6697a-c8b9-44da-837b-e9b0ad4f53ea,7/20/2025,972,99,4,364
ad110692-d93c-4d29-86f0-ed60bdd578a4,7/18/2025,600,100,3,42
61e980cd-c8a5-462d-a9b6-ffb8d03c1f56,8/27/2025,188,32,3,171
95cdad76-45d9-4a70-9abc-d3ef519652e4,5/13/2025,594,76,2,60
5671447c-cbb2-438b-b6e8-46ce681f05db,7/1/2025,803,90,5,125
00e86848-2222-4efd-b224-aac619ce9e0f,6/10/2025,119,48,1,72
142b92dd-738e-41db-b9fb-436c44819b2c,5/19/2025,788,6,4,128
9993410e-2c70-4f3c-9b00-5dbf4a0df56f,12/1/2025,264,54,2,80
43d440ab-6f12-4c3e-bc1e-152519a491fb,7/20/2025,124,20,4,356
ca06d00e-1942-44f4-b18d-c06dad6e62c3,12/13/2025,567,85,3,120
83ab9237-519a-4403-9b1a-93a250a57c54,1/11/2026,162,71,4,268
5c765028-21c1-4480-9579-bfea8ac42b80,11/18/2025,252,57,2,136
617f7bc1-c4cb-495f-b878-9df367434b66,6/12/2025,947,36,2,52
96ab4fbf-8267-4e70-862c-0fe74e75320a,8/27/2025,299,25,1,97
b8b1b733-f9c4-408b-a090-40431faccf42,11/17/2025,322,28,4,192
d18508e0-9857-461a-b4dd-a019ab49b177,11/23/2025,741,9,1,31
0962d408-59ec-4dfa-9a59-c864732699e8,9/27/2025,889,37,4,380
e475c1bb-5808-47ce-a095-3473741599f6,10/31/2025,917,46,2,194
59622da1-35d7-488d-948e-9a940fb86d3d,11/18/2025,842,48,2,100
f52548f7-faf1-4f1f-b97e-8da3862eebb5,6/21/2025,66,6,3,60
3e1d92c1-3b2c-417d-9ea0-530d62fd1de5,8/25/2025,114,98,5,290
34e432ad-b29c-47d3-a159-c20381d5c980,9/6/2025,232,67,4,56
00f8c41c-5a2d-4e03-83e1-5ef70fbf570e,12/28/2025,906,46,4,292
423670f9-c250-4b92-ae76-18aa7645f213,12/22/2025,206,81,2,96
ebb8c5a4-d79b-4eb1-8b19-60d25f460178,5/24/2025,297,11,1,76
820f5754-4413-4eb5-b439-d99ab5f50224,10/29/2025,948,1,2,92
62de8e7c-67bf-45ac-8dd0-f48b142dbde0,11/3/2025,228,64,3,270
b75d5d0e-37bf-4d9a-9c60-6c4326847fc5,8/2/2025,981,96,2,104
42fc1a08-ec86-4278-a2ec-17b2ee6fed30,8/25/2025,476,34,1,75
3e4b7425-b7d8-4a17-aff0-8d20f9c27fa3,5/1/2025,573,42,3,93
df86cc50-05f8-46ec-80ff-740a317b8bc7,7/3/2025,4,69,3,192
69cf542e-a036-429b-96fc-112b1e3aadba,5/31/2025,387,34,3,72
30425753-0052-420c-9154-fd158aee396a,7/4/2025,279,22,1,87
4d558ff0-22ad-4cd8-9f06-9d787ebd92ad,5/26/2025,12,65,4,292
39525622-2396-4eae-8e5d-02523ae0966b,4/4/2025,379,37,5,485
ed4ad3ce-71da-4d25-bacf-64a70ad3c1db,2/11/2026,103,61,1,14
e85d1848-8263-48a6-a6e9-ed8a73847ea0,7/31/2025,65,49,2,140
fcc8e434-d90d-4f59-b8de-5e58c02ae976,11/20/2025,583,46,5,355
a4c3dfba-1570-472d-a179-912567dfb56c,10/1/2025,39,64,5,85
7c465ca9-82e6-4b72-8e15-074d2e241dc4,2/4/2026,213,77,2,90
2aeb6720-353c-40dd-aeec-3924508e549c,3/14/2026,979,38,5,210
b7342c0b-74c8-44e8-a9ae-5dc360b0387f,12/30/2025,910,85,1,25
62088302-4ef9-48bc-a420-652667aa4cf9,7/25/2025,874,61,2,174
79f722e2-6e37-486a-9003-b274b4263f9a,6/1/2025,171,4,4,104
c034b272-36d5-42a4-98ca-cee727c78e38,4/12/2025,529,22,5,270
bd5fdab0-38f3-40a7-b419-085530f403ac,6/7/2025,650,80,2,60
7873969a-0ca7-4388-bc7e-8fbdd978375f,7/2/2025,4,43,4,380
da7deb7a-cf4b-4f32-9804-d4f734ea8d62,12/1/2025,71,19,2,152
56aee862-dbbb-471a-802c-b48adc1c2364,11/28/2025,101,76,5,475
84c41326-8b47-48e1-83f3-b41941bb7385,10/12/2025,534,41,2,118
8b9079ae-150a-4c7a-9d33-9b5d116bb820,12/30/2025,784,2,5,200
7de138ef-8fd4-4732-91d6-d0a3f1d1e484,11/11/2025,781,96,4,208
8d22e826-1dfc-4a22-bdaa-7a89cdf1c97f,8/29/2025,675,15,1,37
66666684-a9fd-43fc-ad5e-efdbf3b0f7a0,8/28/2025,723,42,1,39
7658f1b4-33c5-4101-b988-21988c7faa10,4/24/2025,393,31,1,75
66554f87-25af-4f5e-ad11-adf17ce910dd,3/12/2026,961,46,3,126
925e8b8f-3ff0-42ee-8cfd-b82d3214d84e,12/30/2025,51,7,5,460
fd26c626-32b0-48d7-b78d-bea6af617e12,12/21/2025,695,14,5,355
4ce55b23-4904-4269-9826-d06bbe632523,11/9/2025,747,42,5,225
86ad81b6-c701-4399-97bf-210431d6c5c0,9/17/2025,824,45,3,213
593eecba-f1ec-423d-9a40-954b628ef537,2/22/2026,551,15,3,102
74bd62d8-a2ba-40d7-9af5-6935efd15b4a,3/8/2026,104,72,5,475
34171a81-c873-4bb0-9f84-6ce380c29697,11/14/2025,555,50,4,44
3f93a73f-1999-469c-81e1-20d6eaadd142,2/4/2026,489,83,5,370
6ea9af7a-3003-4a7f-bcb5-c70e6c69f80c,4/12/2025,858,64,3,195
ff1d2c95-f6d0-40ab-b3f5-2ecb82fd5a61,5/18/2025,467,27,5,260
32bfe09b-edbb-4fe4-a8c4-dce77f0babc0,9/22/2025,200,36,4,92
3b1bc74b-69cd-441d-93c9-9ad97ce966dc,1/2/2026,449,84,2,188
f3e88d4a-423f-4715-9002-ee2e70cd5fd2,8/3/2025,37,54,4,384
c936989f-46b5-40f0-ad03-51b730a9eab1,4/13/2025,772,22,1,45
a013b2cd-13b5-4d55-a406-a59aab5f194b,5/30/2025,43,71,1,69
2e038c6f-5ec0-40f8-b65e-7bc110111334,6/25/2025,571,16,4,296
7b0bbe88-9486-4aae-a809-5322db3a4bac,3/8/2026,783,87,2,40
1725ac2a-d948-4264-b67f-efa0e7182dc4,1/31/2026,471,29,3,123
370f2b59-c46b-413c-ac26-b495df0150e0,11/28/2025,131,77,3,207
359a362d-d254-4cf9-85b0-12bf16644b05,9/24/2025,304,66,4,196
b63d4175-5cb1-49c3-84e3-6302173ac850,8/23/2025,593,35,2,42
b00a3f20-d36a-445e-b1d7-60d9ad27db3e,11/27/2025,854,96,2,118
10482520-b547-434e-ba67-21f8145ca744,3/22/2025,554,85,2,76
71f59571-2c89-4a23-ab10-baed8c86fab7,11/28/2025,91,55,3,183
d0c74e1d-82a1-42df-8c7e-a4da691d707e,12/18/2025,420,100,1,43
32d88dcc-d891-415a-814d-ed7b25a43ad3,1/22/2026,710,78,1,17
3c399c55-4d65-497b-9fa3-dbe2856d3de6,12/9/2025,355,43,5,350
4b11124e-0af1-4ab2-ac09-dbc39d3e0a3a,3/15/2026,646,10,5,150
f10029c6-64db-46e6-bf65-d64b006a8bd0,2/24/2026,40,97,4,192
2951b944-d421-43d5-9ccd-4f3597c7fa4d,7/1/2025,399,31,3,78
1451f91e-daff-47c9-b2fc-67f52825fbd5,9/12/2025,311,41,2,84
b9cbab72-bc23-44bf-9c32-0622bb473b77,10/20/2025,557,10,2,112
64cf64ef-1ab4-4b40-8f0d-9d4bd8f0a635,2/9/2026,792,31,4,236
652bd1bb-87c0-404b-b802-5d2dc8c600a3,6/25/2025,534,21,1,89
a6e3abda-d458-424d-b940-5cc95ab6bc28,11/24/2025,406,98,3,117
f0d45245-f36d-47f2-b815-ce9d53b911f8,8/8/2025,530,21,2,180
2ac017bf-5b6d-4fbe-8c41-db2cbf4cb3c7,4/7/2025,719,70,1,46
4cf19f14-669b-4749-adfd-83ff71d6438a,7/23/2025,432,67,4,144
74714595-05a5-4a00-8393-3d4f88e45c79,6/15/2025,334,96,3,102
b026b2f9-898f-4d7b-aec8-2fc886fce040,1/2/2026,402,18,3,81
39978047-2c4f-493b-bfca-cce28bb1336d,2/26/2026,256,79,2,62
28725ebf-ec47-44c9-b601-6ecaa6623dd9,12/13/2025,356,30,3,294
a045dc94-f1e4-427a-83b1-3c3e4640ddc7,12/15/2025,933,19,3,204
b7833c4f-835d-4640-9528-39f493ca34e7,10/28/2025,890,49,1,44
75a9b052-44cd-4f81-8d89-64622067c184,1/1/2026,666,1,4,204
85a9f2c7-5d66-4fee-9626-07b46abba405,12/16/2025,835,30,5,130
4c9e95a3-a83e-4994-abe3-4ddced67eb93,11/19/2025,881,23,4,344
f4a55d87-613d-461c-b0fb-3b83d0e28a51,3/10/2026,616,99,4,224
c8e1add5-0af1-45ae-8fbe-13f052dc6f66,5/9/2025,857,15,2,156
13bb1539-a752-42ad-bb2a-2f20daa6fa82,8/30/2025,162,11,4,256
160f3083-7ace-47a0-9ece-f8c4abc0e83c,1/25/2026,820,94,2,94
38342e47-8774-4a5d-86b9-e484ced96438,10/21/2025,716,93,5,180
596f4cc6-8811-4280-80a4-c7afa5f34d3c,4/29/2025,725,18,4,392
3a67bd69-ba8a-4101-9e84-60eff14046af,4/24/2025,420,40,1,85
405ef41c-e9af-4631-85d2-6e36a86bfc4c,9/30/2025,556,11,5,490
cb612168-3989-4caa-b6c3-4735d481921e,6/28/2025,120,4,3,261
0bdc19cb-10b4-41f4-8bdc-a360dae9a098,4/8/2025,762,100,4,64
b42c6e1b-c811-45bd-82e3-122a2919bb2f,10/9/2025,801,12,3,213
84f1da57-5da5-4607-aec6-a928b1615f25,9/20/2025,738,31,3,105
cc4273e1-da9d-46eb-9d45-04fe1652c8ac,7/23/2025,726,47,2,74
fc69755a-bafe-41b5-b5b4-1e7382504dc0,11/4/2025,923,33,4,344
50e84b04-39d9-45b7-a142-cba015b48760,2/11/2026,16,98,3,66
63640973-1cc6-4a6a-8f1f-c02b6c667afa,5/18/2025,614,25,4,80
04179bd2-17ab-4fe4-9e51-639917398376,12/14/2025,534,26,5,390
1c8f92cc-7fe9-4c3f-989b-1be6274615b2,1/11/2026,378,50,3,183
c9f88aa3-a21c-40d2-a142-2395931949f2,8/8/2025,632,24,2,72
fcc5b45a-327a-4790-b118-4fddf2db62fd,4/7/2025,756,13,2,96
c1221cd1-f3c9-49f4-8d01-c083316de09f,7/21/2025,410,74,1,99
ff8a9ee1-5659-40a4-ab03-728661f4b675,1/27/2026,444,68,4,220
3c95b1f9-0715-4801-83d3-357b1dc38ed4,10/11/2025,727,42,1,45
5150138a-5df1-4382-89e0-2d9963c24299,11/21/2025,229,40,2,48
2cec0a39-4413-4d85-9cdf-30a6be97d1ca,8/8/2025,907,73,3,99
bd61e4de-e8f5-43da-907c-3795f8ea9fc5,8/27/2025,809,73,1,30
35dcaec3-5393-4f6c-b3be-71dc224c628b,9/10/2025,442,75,2,24
7f161abf-31cc-40f1-b0b9-8ac375537028,4/4/2025,263,44,2,182
ac656376-42d6-4b19-9823-e6126b64b8a6,9/11/2025,585,66,2,184
50f6ae4b-573c-4803-8b8b-7d19879dc709,4/7/2025,605,97,2,86
9644a6f8-d390-47f3-80bb-2295eb6bd78e,7/23/2025,64,12,4,40
3478bb3e-d953-47fe-9c66-6d60d4432308,6/25/2025,886,84,4,52
99481d70-26bd-45fc-bc5d-662355e35130,9/16/2025,872,65,5,375
8e9c0082-2ebb-4ee7-82cf-aad305c766a8,10/4/2025,274,18,2,120
d4c7f09d-a9bb-47da-9b3d-4ada9a9427db,1/16/2026,416,11,2,72
ba1c7c10-e1fb-4e32-9ba6-7f125cc89262,5/26/2025,162,29,3,300
31db67ce-b6f6-40f0-abd9-6725f1f7d1e8,4/24/2025,185,91,2,150
07006366-a984-4d0d-8dc6-aeacf33341dd,9/30/2025,382,99,2,118
5c8a4d4b-2e21-40ac-a362-b7e9355b640c,9/30/2025,353,66,3,168
fe6d5907-9a5d-4f12-bc2a-dee811f26dce,11/21/2025,314,45,2,132
3b3713a5-7e46-4a64-a3eb-d8965ea0afbc,2/22/2026,393,39,3,267
2831caf6-d331-4492-ba45-393749df1a7a,4/23/2025,983,44,5,350
41d21e97-135f-45cc-a599-c2af0c91b5bf,4/9/2025,406,69,3,186
3bbd8bf8-5691-468a-bfd2-27389f4ca618,5/29/2025,937,76,2,28
8e653ddb-458b-4638-b28d-56cdd912b5de,3/21/2025,927,58,4,84
b4435027-085c-4c55-b4dd-075994e1f75e,3/27/2025,749,57,5,50
dfec907d-973b-4b2e-8256-09bc0fca0c34,9/19/2025,931,88,2,34
ca1816f5-5aa1-40e2-8aaa-351087583ede,8/17/2025,339,34,3,264
e1e2d1c3-7218-4512-bf3f-71e034e10280,1/25/2026,397,41,5,485
fd8311fe-e565-4761-acbb-8a42667ba640,11/10/2025,116,36,5,145
22e273c4-f1a9-4cfb-a8b2-ae63dbbf4a1d,9/13/2025,931,56,2,88
f77ac1ef-afbb-4b34-b431-bd5a8aca3c4b,5/15/2025,231,75,5,395
10fd83fa-4597-499e-92ba-3b06238eced5,12/6/2025,216,36,4,272
96113185-4ca5-4336-be21-a35d1dfad46b,5/20/2025,377,45,5,310
1a729c8e-5463-4851-b6c3-d07095c99d17,6/2/2025,101,33,4,124
31dac710-3c0f-42ed-bf12-2aee60475ad7,1/5/2026,718,77,2,138
56b9c680-36bd-4a36-958d-b485fba8fffb,5/29/2025,308,81,2,66
d0266884-6d8c-472c-83ca-c8176a16287a,12/16/2025,277,89,4,332
6f424f00-9e8d-42f6-a360-96f762d2a0eb,10/2/2025,595,94,4,312
6630de0f-b3a3-47f1-b0e8-72272ceed97a,11/16/2025,654,58,4,388
2fa3e8d0-8415-41c9-9d2f-cb029adaba3b,11/4/2025,653,96,1,56
dedebfc5-287a-40e3-b5ea-8d4e0715c43d,7/14/2025,950,82,2,142
b43bc50c-5be6-4871-931a-90106dcda0f6,11/14/2025,535,74,5,60
fcae1aff-c0ae-4166-ad6c-87c6039970de,11/25/2025,784,47,5,330
e400114e-4169-470b-9060-2e3fd5c7729b,7/3/2025,645,66,3,54
054f09ae-5126-4964-a5de-ef8f2b50d33f,10/2/2025,458,60,2,128
4adc6120-6094-4592-94f2-19909a19f2ae,6/28/2025,637,33,5,380
d004ce64-422a-4131-859b-ec399dd15b68,9/14/2025,745,58,4,284
bf48546d-e5be-4157-ac1a-22fe37ff1ba9,5/6/2025,351,70,5,65
34d04aed-f1b8-41fe-bc76-0c356a3d34ec,1/28/2026,784,72,4,224
7f33951a-aa14-4f68-8e4c-3ab2d3dcf1a1,12/18/2025,124,9,4,44
4fe67c00-9f41-4022-98a2-acc56ea054dc,3/22/2025,270,89,4,180
4f9626e5-2d25-4bec-b2a0-1648885976a1,4/18/2025,22,35,1,25
970c4249-badf-452f-9ec4-0d6ba04f9e71,12/8/2025,239,40,3,267
5aaa8491-e6d3-4821-b0c5-04d3a3b9906f,6/29/2025,936,78,3,192
8026ba45-6f27-48a1-a7fa-0604e7504949,4/12/2025,597,27,4,184
14cd9b30-de05-43b0-ab95-631082592282,4/20/2025,136,39,2,120
cc538415-4084-4b49-bd84-7cf6de513929,1/9/2026,633,75,3,168
216d463a-bac2-47ea-8eb2-fa0e4467cfd3,6/18/2025,933,72,1,76
b8003155-75b8-409f-9905-ac1eee8ab0c5,12/19/2025,785,51,4,396
166d556c-fada-4749-a727-73db73ed8ca6,1/22/2026,697,63,4,144
188b3c14-dadb-4d48-b785-1772c3520be2,9/11/2025,535,25,5,405
4fef70e2-2357-4744-9e95-6e28b704cf54,10/2/2025,578,36,5,115
d7ca5bf8-9a9b-4aef-bbf8-4f3bb852a5fe,1/20/2026,934,41,4,180
3619228c-a9fc-450f-97c9-e758a9b8f8ba,2/21/2026,514,38,3,192
a96f5f22-ec34-4578-acf5-41d78b12a959,5/31/2025,672,38,5,420
859ad7cb-1fd6-43b5-934c-a645da993bd7,3/28/2025,269,88,4,196
8407364d-7164-433c-bca9-29528dd0e444,2/26/2026,619,70,3,96
6d8cb41b-85f9-4493-ba0c-2fd83873c938,11/26/2025,785,46,1,95
ee9b5fe0-e4e3-4f4c-996a-035fc67fc187,5/30/2025,525,22,3,270
e39724ce-bd53-4d62-b64f-72dac30a2771,2/27/2026,650,91,2,40
8f58e481-395d-4055-b294-6230c9d4cdfb,3/21/2025,11,90,2,62
685bebb2-c81c-4ece-b2fc-4d5032b867ed,6/21/2025,838,92,1,13
32d19318-0472-427c-aa38-c1975608a31c,4/14/2025,217,41,4,112
e4166520-0aae-45b6-843f-e2b382d618c0,4/20/2025,6,46,3,234
88e447d8-cc75-42fe-9816-6e3dcce74e67,8/15/2025,80,17,5,395
07ca2150-877a-4bbe-8f0e-e109ff8536aa,11/2/2025,936,76,2,92
c28adab9-dce5-4a8b-abac-54adc5d223b2,6/19/2025,424,55,3,93
abcd9662-4e90-42da-8a47-ac0d707ae9fa,1/31/2026,396,64,3,177
633e0996-b5b8-4d86-b2f0-14aea50a335e,5/15/2025,591,55,5,230
bd8a17f2-2c34-4a10-90b4-247aea1d9202,3/17/2026,600,8,4,284
af82180d-3ed2-4c98-b721-8c3912944902,9/19/2025,992,47,2,184
e6769784-4fd2-4941-85f8-d12b9aa1e050,11/26/2025,376,38,3,222
7b312d3f-299a-48e6-9893-b71de718d269,1/10/2026,50,25,1,21
3d523147-0bab-4e72-bcc5-68f0056cbfb5,5/5/2025,880,33,5,275
2bafa287-85d1-454e-9c45-b61a0706197b,7/13/2025,330,90,3,258
32cad18f-a9b3-469d-a909-71f6080c5e20,11/22/2025,25,94,2,46
709833c5-fe66-47bf-b6d1-d897bb94fe3f,6/9/2025,529,67,5,230
9563d412-7e5d-4754-8371-e9eab862c281,5/28/2025,105,13,5,265
7b4bbafb-4524-4de1-b72a-e3c96bdd2c2f,6/4/2025,151,91,4,100
fc6b851a-1e36-4880-9af7-8a32d01a3155,3/15/2026,517,36,3,228
f43b24d0-4c3e-45d7-a04a-3850e8b0cc0d,8/4/2025,950,94,5,130
8a37f4fe-5681-4640-8202-ee5e42501507,10/11/2025,639,93,1,91
87cfe890-331a-4b91-a8d2-5f53bc6ba41e,7/17/2025,579,89,4,172
5b1842f0-aeea-4c53-8bb1-e67aa32bb4ee,3/28/2025,935,79,3,285
f06107aa-e539-415b-ac2d-e92537fcf30e,12/27/2025,885,39,2,168
108b9aa8-f3d0-4b23-bc6c-f003340356de,2/14/2026,738,37,1,88
8b8ab0de-a241-46dc-8d74-f99cd1c61971,2/14/2026,934,92,3,51
f4681708-83c1-46b2-9541-9626e89a1669,6/16/2025,683,64,5,415
1929d03b-49b9-4f9d-8af8-7bc865df15d4,5/17/2025,558,92,1,84
491d5fc9-5685-4c8f-aca2-d2b2469c9a68,6/30/2025,575,82,5,360
35adfc21-6fe8-40af-9e3a-19be5c25d80d,11/17/2025,470,22,1,70
cfa04e53-3228-4815-b389-44e3fefe00ae,9/7/2025,588,7,3,246
019b4fd1-bf6c-48b0-811a-a8f8b76e7dbc,2/25/2026,686,60,3,150
5bd2ff94-8541-4dde-9b57-3e3012644458,5/12/2025,543,26,5,440
0bf7655e-7cb6-4f4b-a92c-1aee67ec58b1,3/29/2025,508,27,2,30
1ebb178b-f27f-4e0e-9bc3-9d879069df9f,7/24/2025,111,14,5,380
647a136c-1f18-4bab-a573-633fba5a1fce,6/15/2025,278,4,1,44
472b4117-42f4-403a-b179-1f71c7fad309,4/1/2025,834,57,4,332
3d4c271e-d71c-45f4-a964-ce9029491c24,10/18/2025,65,64,4,92
c27578a7-eb3f-45f5-a7f1-4aa177893f85,2/10/2026,800,94,4,320
1d9dab2b-59ad-4518-871e-1d7e2a809be8,11/24/2025,395,71,5,230
360add5d-9a31-4034-b330-86c97edf76ae,5/20/2025,560,88,2,134
551aaf8d-474f-4140-bdac-78eb66f80bcb,11/5/2025,524,81,5,175
7e0a32ca-e30d-4f5e-87d6-309c83f61369,11/2/2025,139,76,3,96
aa05cd58-2a32-47b2-a7ef-985af91e0331,1/22/2026,991,41,5,260
1d571e16-7ba2-409c-adaa-72281be37159,7/5/2025,293,79,2,44
1821c832-4dde-449a-8fee-361c8d8caccb,8/15/2025,756,42,4,188
c588308a-55df-4baf-9b9f-473524a2494e,4/9/2025,297,21,1,24
ff078d8e-1c80-4a54-b402-ce26043c70ec,5/17/2025,396,9,5,500
030eb033-0934-4b11-9817-e595ffa8a649,3/12/2026,882,12,4,140
c0841b4a-5830-4e88-9ce2-02c6ce46f89e,3/16/2026,941,21,3,36
d9f6150e-11ce-4198-9a97-6037ebdef860,5/27/2025,440,78,4,376
903a854d-954f-46eb-a771-76a36680e4cf,3/16/2026,215,89,3,132
bd7d3111-de42-452f-85a1-ba9d89175bc1,3/15/2026,341,20,4,328
5cb1d0e3-4360-4e81-814c-7afb3cafa37f,2/21/2026,682,88,4,172
93d40479-4c87-4a5e-b72e-8cc8433f6862,12/16/2025,699,8,4,212
a9ab4823-12e1-4a03-8d0f-569855ddc3a0,8/31/2025,824,55,5,445
8369e5e1-973e-4e3e-908b-cb41487356a6,1/16/2026,157,36,1,15
4b810d30-b781-4970-8e28-a4f4359e4e7d,12/12/2025,979,67,3,198
60440326-8fea-46bc-8ff4-afa918772ea9,9/23/2025,21,45,3,66
72ed0ef6-e463-4b88-9609-eda16671104e,12/1/2025,842,88,2,82
63f1c91c-88a8-4b3f-9d5e-c674bacff6ac,5/17/2025,927,29,3,102
066e079e-f97c-400b-9d55-4f472a890221,12/20/2025,204,14,5,430
0d605f04-f86b-4ec8-90b2-7c68598fcdb6,3/31/2025,416,91,5,365
52fa59fd-541f-42ff-b461-af18d943cb8e,1/3/2026,224,9,5,105
705160c5-36b5-476e-9dcd-7f5a9abdb963,8/9/2025,840,7,5,355
718a0e1e-a288-46cc-bc96-177d91f401b9,12/22/2025,965,28,5,365
7c303574-c80c-4585-8c8e-910012c6632b,11/23/2025,631,94,5,200
8a0dd6da-d71b-46b0-b40d-0c8408c94534,6/8/2025,41,100,4,328
328601ca-cf87-4b58-8cb2-2317d82a2439,2/25/2026,90,36,4,368
6e597cf9-5f9f-4a19-af76-16a42dc067b1,1/25/2026,423,94,5,410
704d026b-c1b1-4394-a7b3-68af35e33d1a,1/10/2026,99,31,4,116
d99e56c0-fcc0-4a25-b68e-9ac5114d858d,10/22/2025,740,14,4,92
e09442c3-faeb-4a7a-b212-0a160eff7821,4/17/2025,89,17,4,380
e632c440-5398-4241-916d-af8564c6bd1d,6/18/2025,148,68,1,44
871fe43d-c459-4a98-a393-3b414ec642d0,2/19/2026,923,34,1,31
8c7bc00e-0c81-4a3b-97ec-ca7b8eb91723,2/11/2026,973,54,4,208
401c10a6-9b33-4362-8cae-9e0c26166fb6,9/20/2025,643,65,3,261
8d86f407-3e7f-4453-9089-c7e6ea0a4f7e,11/6/2025,201,4,2,100
eb02650a-e27f-4773-8e31-bfb55c29c5d8,1/27/2026,968,96,2,42
1ce653f7-6243-4832-b669-8c388c627384,8/30/2025,638,90,5,60
9db210db-cd0f-4a35-a7b2-7111d3677b5e,1/24/2026,914,14,4,300
3a0b7052-094d-4516-9f44-33a2064ee810,10/4/2025,953,70,3,258
e61f7721-8aa2-4cb6-8bf8-47c2c53a2929,6/11/2025,719,45,1,52
f6801ec1-5bef-4ccb-85b0-25e9cc0de902,6/2/2025,510,99,2,132
877403f2-3033-4f7e-99e1-05eabda6cf16,8/28/2025,505,30,1,18
a22fa519-56b0-43a5-a694-0ad80fddbc0a,12/3/2025,307,85,1,82
ee749403-d1bb-4a0b-82a6-c2b0b6bd3454,8/23/2025,495,25,3,141
a76e0b45-393d-4922-b838-d538abd33190,8/17/2025,962,65,1,30
d335d9f2-2e5d-42b7-9f31-3e99ed826a06,7/3/2025,955,96,5,235
3cb63a7d-7a7c-4365-8556-149e536da30b,11/12/2025,915,84,4,152
1997d093-74e4-4d6f-8a2e-49ede3708eaf,4/26/2025,998,23,3,36
c8e5d409-581b-4211-8cbb-34ba855d63da,7/31/2025,676,85,4,380
8cbe3f4a-89f2-46fe-9716-886f8d7ccbe4,9/15/2025,402,25,1,64
038472c8-9990-4dcc-ba4a-7b15bbd8bbfd,1/12/2026,884,82,1,97
35d91aa1-12c7-4622-b319-614af6e88bf8,9/12/2025,914,3,5,490
5a5f3731-e9ae-46fd-85d0-2a7677e87071,8/25/2025,219,80,4,212
0af66372-849b-477d-ad54-ee6684f89b3c,4/7/2025,666,84,4,340
70f5bc0d-7f96-4637-a655-60d6c6e46001,4/5/2025,217,39,1,27
8c3a34e2-36e6-4f10-90c1-4711b5406bad,7/18/2025,266,60,3,33
34eff2a6-fa81-45e5-a092-d34eaaabefd1,3/18/2026,49,61,1,81
03d1a267-f9df-47dc-8054-b00a59d36aa7,2/23/2026,455,2,3,243
479ecd1f-40d9-483f-b940-24fc063e3e06,8/25/2025,397,48,4,164
540b4f37-a62f-4682-96af-219b755c1bba,6/15/2025,560,18,1,98
45273938-7cd8-419b-ba08-ac38fd304657,8/2/2025,758,91,2,144
cdae15d9-ab03-4fa1-b031-a7e5b96437cf,1/2/2026,664,47,2,26
d4bc3ca1-a92b-4b49-bc3f-a6d2990bf4dd,4/15/2025,845,15,4,332
7e820c1f-1d9f-4d8a-8426-d371ca86f1e8,11/20/2025,243,81,2,108
a87acebc-b234-4799-98aa-69c945cf2fc8,7/19/2025,601,69,2,108
83388a57-e598-4ddf-89ef-91f7355d814b,7/30/2025,214,22,3,291
baa48aa7-1aee-4eb3-a845-b42cb4ae51ab,1/3/2026,53,87,3,105
8a1ddd35-101e-4978-b3c8-b7c06f485c4c,1/19/2026,13,32,3,189
41ddad32-be76-470a-b72a-2e956d0400a8,6/3/2025,539,2,1,82
822da8a7-069d-4c48-81ba-58762b2a3411,1/22/2026,822,98,1,94
a2ae2102-8ed8-4f61-b2ae-e72e34cbe183,5/10/2025,340,35,5,475
d1866119-520e-4daa-83f2-edf48af968c3,5/25/2025,816,47,3,48
cbbf18c4-cf50-4322-b54d-5b6ee044a601,7/9/2025,99,48,2,132
608698b3-fcfe-484d-ae84-11e668e999f1,9/17/2025,125,14,3,177
19b90614-c4fc-4806-97f7-8fee30a7529e,11/23/2025,840,52,4,184
c64f9d12-4235-4b1c-8742-d682ecdaed2a,10/4/2025,144,72,5,445
d2dcc9ab-4a70-4fd9-a602-1833fdfb7dbb,11/13/2025,410,21,5,435
f7ac8080-36e1-4df2-8c11-b33879ab0db4,6/25/2025,849,57,1,26
0f044276-7d3d-477b-85de-558fcdd9ec9d,4/2/2025,927,80,5,200
6c2e8841-4175-4d61-8e73-79ec95392712,11/27/2025,549,3,3,261
2d8d1d49-6619-413c-93b1-844e6d17fa18,5/16/2025,672,86,5,470
511094cc-1773-423b-9aa2-ea35f1507023,2/11/2026,941,1,4,148
70ade128-1983-406b-98ac-4811cd70b835,3/12/2026,199,20,5,415
20639b2c-dbb4-4e52-aa83-60ea547cda39,7/21/2025,371,22,2,64
3b5c0a42-15a5-4e42-9725-6e5026831aeb,5/3/2025,687,91,5,350
59aa4e25-1641-415e-b0d7-0235406a0969,8/21/2025,907,5,1,91
1d53c720-ce93-49ae-8550-991ebcc76b97,12/25/2025,849,92,1,42
ce8a10ea-baf8-4812-a4a3-4b474cba14a9,12/25/2025,226,51,3,270
3f0aafeb-12ed-4179-a0c9-b065f422292d,12/6/2025,574,11,1,60
d306aa64-6736-4a0f-9ed1-fc643954cf29,9/24/2025,246,15,5,95
83581c3d-7cc8-4552-a5c4-5e5a04415e81,4/1/2025,275,30,5,105
0732218c-71ff-44de-85ed-5ba3e73c98ee,1/22/2026,971,48,5,410
ba352137-e937-40db-a0aa-00213f9a458c,8/4/2025,319,44,2,88
c780c8ea-f81a-4477-acad-1ab73afead90,6/16/2025,74,67,3,120
9ba8a129-576d-4bd4-a0a4-cbf4475e42dd,6/28/2025,76,29,1,82
66b46065-93a7-492c-ba46-bc7c805c85fe,1/5/2026,356,22,2,154
9ed4c22a-416d-4cb7-9c45-f8df01d8a3d7,5/3/2025,820,95,4,160
62ab6cc1-b88b-40c8-8266-4fd85ea0a760,2/28/2026,551,9,1,98
e2185a22-5d91-4133-8ad9-b8789a2360f8,6/18/2025,37,21,3,63
2c4500b9-fc27-41fe-8769-9ce81f6b5853,4/29/2025,540,87,3,96
0fe45ec0-0274-480b-a637-4f932faedb08,5/21/2025,157,81,2,68
e3ee309e-0c61-485c-b4ba-e8b83520cfec,10/7/2025,613,1,1,49
df1ab343-a165-4d4e-9b45-fd34dc798a46,9/11/2025,928,41,2,148
a475bc20-1f1d-4758-b534-153cd6f70690,10/12/2025,155,9,2,126
7548c43f-cc6a-4dbb-b712-39546b9c964d,12/30/2025,657,5,4,352
fb4a663d-c108-43e3-bcc7-128af51db4ae,12/7/2025,835,90,2,162
dcf28469-559e-47e8-9305-845ccb64975b,11/4/2025,318,7,5,145
c03fd199-1944-44d5-8c40-6b5d3d14130f,3/17/2026,761,47,5,300
aca03758-8243-48cb-be24-2eecd06ca860,3/28/2025,610,88,1,39
7a58714a-9533-43f9-8b7b-810bfceaf277,4/12/2025,761,65,3,102
64bc86cc-8e6d-4216-9b72-69286490b79e,10/12/2025,54,95,2,50
d7ba884b-f158-4d54-bf3a-e1bb46421b8a,2/13/2026,835,3,2,80
f1196581-298e-42a6-9bbc-f631e60bf78c,5/22/2025,574,90,1,74
e49caa2d-b0fb-4dc3-9c16-365bed615121,5/18/2025,624,2,1,19
2aaa0aec-84bb-4bde-80ee-d0621c9f54ff,2/13/2026,236,64,1,14
addce973-5cd3-4371-b353-f5824587889c,4/3/2025,62,40,1,62
34a40244-f2c8-4eb8-aa5f-2ad282617b77,3/13/2026,11,68,3,237
30216861-75c6-4188-b639-4923474deedc,1/8/2026,442,61,2,154
62e10a4b-24ea-4bb5-97bd-316350b88cb3,12/2/2025,710,82,4,352
70deebc3-2b4d-4cd4-a005-0fa70c9c8acd,2/7/2026,935,63,1,28
8ae4ba0f-5a93-497d-a89a-8e2cb7a56487,12/9/2025,351,24,4,304
3987e8bc-37fa-4191-9abd-1e7bbfe0c05f,8/4/2025,94,40,1,72
4175891d-4292-4331-860d-a8f3990c44f9,12/14/2025,762,57,3,198
6cb4938e-170d-4223-8b50-77bc5f8b980f,11/5/2025,648,47,5,410
a5cf518f-531a-40f2-9e8c-e074bbb5abe1,4/15/2025,317,59,3,267
16fc3a4b-0e04-4708-9797-11d87ef33249,10/12/2025,279,3,5,300
87ad4f7b-9d67-468f-9244-742c944bdea5,5/25/2025,679,22,2,98
01f86ba8-4c3f-4b21-9a49-7ca8ec017aae,9/3/2025,577,6,3,129
52d170ba-8f1c-48b8-b640-871d2ed8f1b4,5/23/2025,693,68,5,200
8a32491d-4d6e-4826-a4f5-0aa1392fe62a,5/31/2025,903,34,5,250
51fd89dd-4c15-4fd6-ad01-c132b4af643f,12/16/2025,267,54,4,60
a41ce1c5-3fe5-4397-8c83-7c45350edb2a,11/21/2025,563,9,4,96
2b7a2344-936f-4e08-83eb-7242466cbf9b,8/28/2025,995,61,1,97
d770e765-fd79-4bcf-a4c0-a76066e7879c,3/19/2026,288,18,4,144
a2502a94-4ef8-4bf8-b9e9-14bd89f63873,7/12/2025,635,18,3,84
2a1502ae-3c15-49f9-8fe7-67dd84ae39bf,2/22/2026,604,57,1,99
288620b7-ab2f-43df-b1e4-9b9c7ef6dd06,1/15/2026,499,43,1,18
84c21b52-1b06-4747-b828-1c53fa610f5a,11/6/2025,131,36,5,405
1e08b08c-54a3-4ecd-beb9-14262e9dbae1,7/26/2025,849,100,3,87
f1ebb123-5602-4dd9-88d5-cc0d3d5fe54e,7/27/2025,506,67,5,110
475ab1df-29e3-43db-8263-211acc4e8ca8,9/8/2025,859,68,2,28
7e0a825a-1769-4821-833d-6efc05f684c5,3/25/2025,751,99,3,222
912a6027-f1ec-4356-8cea-3f2429d37d8f,1/23/2026,400,62,1,29
ab3eb20c-15c2-44d9-abef-343f8991d220,1/1/2026,374,11,1,74
a038993b-f4b8-4f20-90cf-acb4604a9287,6/14/2025,140,44,4,260
71d0540d-388b-40d1-82b0-e605a052acac,10/18/2025,21,42,1,18
56df2ddc-a04d-4597-9eb3-d40c5239756c,11/14/2025,820,30,3,189
0d178c02-fe15-4529-9967-f4e757066b81,5/6/2025,208,94,4,188
8edb95b0-11ca-41a7-8ab9-554cabae37ed,5/12/2025,922,94,3,147
3a687d1e-2741-4d95-a1ca-9612ce143160,4/28/2025,6,100,5,190
ce5bb22a-7ba9-4bbd-8f73-49cb5f897ad5,3/18/2026,884,11,2,148
15eb67af-db55-47ce-94b5-821eff20bce0,12/30/2025,147,58,2,62
c8897e51-dcb6-4e38-9942-1a9b93977db3,9/17/2025,327,67,5,475
a9ab69ec-9b30-4dfc-a788-69651c040c55,11/17/2025,524,42,5,375
52d119d1-d7d8-4fe9-9d2c-93ee014730bd,2/26/2026,591,45,5,75
0820e191-8b53-4f39-b253-3b105af10b36,2/18/2026,840,94,2,88
b35e3ed2-42ef-436e-9802-fc3a02a53b20,9/21/2025,584,53,5,200
0fa57faf-4515-423b-b9b7-855a289bf94c,5/10/2025,101,92,1,16
dd9f1bc8-d7f1-41de-8e16-98d0099b51b8,3/29/2025,225,87,1,99
082b753d-854d-45bc-8174-1e0925562ef5,12/24/2025,331,32,3,42
4d883c4c-9217-4b1d-9315-8e08f0a3e35d,8/18/2025,787,20,5,430
45dd2006-7867-478e-b4c7-cc931af0f9f4,1/1/2026,523,44,3,243
ac53af92-dacf-4eb5-bbf4-10ec000136b7,7/29/2025,283,75,2,102
1177c532-9005-40df-902b-f22edc8123dd,4/1/2025,42,93,3,213
36d15132-5dd6-4033-95b7-e659d3c0fcf6,11/3/2025,75,36,1,62
639e6200-3db0-41f6-a884-ab3b249730c3,8/17/2025,871,23,2,56
0eb6e0ae-d12f-47b1-b13e-2e870896d654,10/24/2025,206,53,3,138
c9e637b5-34b6-40b7-8c60-aa0522071397,4/18/2025,153,49,2,104
670ad5b7-d42e-49ad-bdf2-b23552c6dd15,5/3/2025,643,84,4,108
d6ea1c3f-5ada-4477-9fc7-305f2cb525b4,5/25/2025,803,16,2,132
042db8f9-ba51-4e74-bb23-9e0583992e4b,8/18/2025,991,76,4,176
e273d8c7-0bce-4359-aeca-1b394a0996a3,3/24/2025,603,81,3,147
56257cee-424b-4fbb-baa4-12929bf85fb5,8/21/2025,879,38,4,188
a6dd2b0a-7b6b-4acb-b683-7c0c10d8450f,1/6/2026,552,38,1,28
aa344685-b2d1-4abe-909d-e535e79fd77c,3/5/2026,761,2,3,108
5ec2736a-c277-4d91-939e-eb2cc293d93b,12/28/2025,913,7,3,273
e25915ec-075f-4e84-ac5b-c99716aa1a19,3/27/2025,485,43,3,171
8f9a2302-c7f8-4a18-b6f0-a3394c29852b,1/31/2026,845,26,4,252
c1ee4ac7-d790-47c0-987b-e73839f94b4d,8/12/2025,37,8,3,102
00af5999-f801-4c2b-9aae-cbcdbe564c8d,7/28/2025,421,75,3,123
794cc6fb-4a91-4cb3-b5e3-77fe2ed4039a,3/23/2025,859,23,4,340
7e8280ea-2145-4cd9-9146-d0afcba2c0a4,2/14/2026,314,97,3,105
fe107852-8945-497d-b308-dbfe81b59497,9/4/2025,452,36,1,10
abaa31f3-de9f-42cf-a7ac-ff5408335e62,8/26/2025,229,67,1,34
0f12b612-07d9-4923-a11d-dd2a70178a3d,12/20/2025,612,4,5,100
b7d8a8ef-eb31-4010-ae1d-73517d2e7cc2,8/4/2025,84,79,4,104
06414450-ef61-4a41-b3bb-4661e4c0c191,7/14/2025,756,92,5,265
9ddaac83-6dd6-48ec-8d22-8bfcfd2bc2a3,9/14/2025,251,100,5,90
839c17b3-2f9f-4f61-a5a2-9cb62123df1f,1/2/2026,49,12,4,172
3409761c-b6d2-4330-885a-08e633679386,2/27/2026,218,32,1,50
b0523995-bf96-4716-a6dd-9ff42cb96b5d,8/5/2025,262,82,1,83
4aa487e7-1876-44c1-9bb0-b33e8ec4e72f,12/29/2025,406,58,1,97
f167d213-3a7a-4ab7-9bb9-7e06b9994119,2/8/2026,778,49,5,210
0ef028a6-8f07-4291-85da-222c6aa421f2,11/29/2025,633,47,3,75
bf0b46fa-4156-421a-a844-686b51579bf4,2/19/2026,17,70,4,220
04e21c7f-efd8-4d93-b01d-1fb6b565e184,3/13/2026,664,61,1,10
ccf07b1b-1c6a-4fbf-941c-9f643f549e7c,12/24/2025,753,92,5,455
9e595813-fec7-4bfc-a49d-a8c04215eada,8/27/2025,651,66,3,129
a4c9f831-299d-4d7a-9e41-c562d454c26f,1/25/2026,992,40,2,104
e1fd907a-e7b0-426f-879e-aaf0204dc60a,8/22/2025,712,42,5,105
08eb969d-c6f9-4bcc-b85a-f73f20eb067a,9/1/2025,950,14,4,304
2cc41ad3-ee3b-4fd0-bd65-3f36d6f8b7df,10/5/2025,954,60,3,111
d4fb5134-c3c6-4d20-8920-5ede62dd3f61,3/14/2026,650,32,4,120
f054743f-3c71-4646-a39a-a766dd6b4569,5/5/2025,303,11,3,207
f7aa465a-66b2-4e69-9bf2-d2dedf64b998,11/5/2025,133,10,2,176
54c20e84-6543-42e2-bde8-f7209fa4c5e2,9/26/2025,494,89,4,208
2b6cbeaa-73a2-42d6-a53d-06aaedfab04d,8/1/2025,818,23,3,240
4d48fc4e-0d0b-4fae-b773-4015344fb1ab,12/9/2025,680,35,5,340
5cd0700e-e61f-4232-88a6-d0f4dbe73c3a,11/19/2025,485,70,1,79
eb1c1424-2c72-463b-83f7-d7aa6bfe818f,4/2/2025,264,73,5,390
2edb4d1d-6544-4e1c-9bbc-2646156fe774,8/21/2025,673,40,3,186
ec8a8253-8c3e-4eb5-9250-16ebf942e5ca,4/20/2025,823,17,2,44
92e4af6a-3271-429b-9206-261a18342fb4,5/21/2025,104,23,4,96
410b0286-1616-4947-9530-81e442aeb3c7,10/9/2025,762,20,3,240
de814b71-ddb9-4227-9859-9d779e891c41,1/6/2026,473,100,3,141
c5de6dfe-4716-4c30-9e7d-d4e38754d9f0,9/21/2025,430,82,5,90
eceacf9d-e56c-4b8d-8143-78626d551543,3/6/2026,54,23,5,295
3f57ea2b-2f74-4d2f-8fa0-a3042572d305,10/24/2025,45,39,5,325
2fb0b83b-d491-4aa2-a2cf-61a128634710,12/28/2025,136,31,3,96
620852ad-bee9-4464-843d-7f01d7dbdbcb,7/10/2025,467,84,1,18
11762e5a-a6e1-4d76-aad1-32967823a551,9/17/2025,226,10,4,212
b36dcf5d-9494-45b2-aeba-e7091e15c708,12/27/2025,478,53,4,156
f8c74b65-eef0-4784-81a4-18afe8060728,5/31/2025,174,23,1,42
d3a2c11d-bebc-4e07-879b-55dea2a3b095,12/18/2025,377,73,2,188
bac7a429-1700-4ea7-a10a-95c6e95da5ed,12/2/2025,671,8,4,268
ea3a68da-0f2d-4816-b170-7350d6284599,12/19/2025,639,93,4,180
c2250bc6-3c4c-4e44-bfc0-6efbc2ecccca,6/25/2025,234,60,1,53
4d10997e-066b-48c0-8304-8eb582b8f1aa,6/14/2025,801,93,5,240
c186014d-9ffd-4844-9389-500a46f4dc11,9/3/2025,823,63,3,282
5b9b8150-0eaa-41a0-95e7-c57e8197a5d7,2/24/2026,703,39,3,195
2bd08735-be88-43b6-80d8-3246c59992a2,2/12/2026,820,83,5,370
e1206e37-7e26-4952-8b0b-248e62830d41,9/6/2025,739,91,2,36
c1bae93a-f1c2-4da4-9d8c-33a17abbc190,11/26/2025,467,44,4,272
0b9c7249-c9ef-4ebc-a83f-b003eee2e222,4/9/2025,31,89,1,45
80dce5b9-a1a7-46d1-acef-bce1eae1d135,6/19/2025,104,7,3,219
e03773e7-7841-45bb-a3ee-c48426c2d9f7,4/7/2025,853,77,3,159
c7e22596-7891-4bbf-bcec-3963acded3c7,8/7/2025,64,49,5,200
8c5ad6b1-b813-42db-b900-de1ac32f54e9,5/26/2025,206,33,3,279
efa4e45f-faf2-4be9-8c3b-fe392c0a11f6,3/17/2026,317,56,4,208
dea6810c-2eb6-4570-ad66-95be782b29bd,7/28/2025,857,30,4,324
6f792e97-f5dc-4f50-a30f-3188db8a54fc,8/8/2025,927,30,3,183
1eb1e223-1a22-4931-8be7-01c8846d12b6,12/17/2025,328,60,1,35
29f50d1f-2f4b-412d-90df-e41019c8e6ca,9/26/2025,913,35,4,212
31bbd6c0-ed8d-4839-9ddb-9c356027d281,2/18/2026,249,89,5,350
609cedf2-ce78-4048-83ac-34544e4ed618,9/18/2025,187,74,3,204
6c5747a7-b2d8-4e69-add4-16113fc9a4dc,5/27/2025,466,53,3,165
45ce1554-0c13-44c5-a51b-9e835a582d3a,3/17/2026,256,11,5,245
2e3c61ce-9fad-4f79-9f05-a3210acbe104,8/20/2025,897,66,1,51
e7aef1c1-0d8c-4fd6-b0a9-31cacca002de,5/13/2025,93,70,1,50
28cabb7a-f5f7-411b-a03a-2caaa515484a,9/4/2025,829,25,3,228
1eef665c-4829-4d6c-9e2d-5e63ecb9b6c1,1/24/2026,583,69,4,372
de0c1112-a08d-49b9-b8d7-f14672c28e24,8/1/2025,302,65,2,38
9fe6647c-b55d-4ec8-9a15-b9f0b0edb541,12/28/2025,443,27,3,177
5ba51073-938c-4334-8575-86ddbfbcbb7f,11/18/2025,49,91,2,70
9e23d627-6219-4a72-b906-f97373a1e754,2/7/2026,388,75,4,220
a8146a43-0894-4372-bad6-856a92b2f321,11/20/2025,688,73,1,64
1acf783e-6641-469e-8d29-0cc236cb8e4f,10/25/2025,564,83,4,176
89b342c3-8f66-4571-bfdf-e20b0c6912dd,1/10/2026,558,39,2,114
d6a0aca3-ba2c-443b-9ff7-18abbb6879a7,5/31/2025,885,72,2,128
f9f46c21-af51-4744-861d-e34cc4649c8b,7/25/2025,41,48,3,156
55e844a4-c3b5-45a0-8d2b-df83a1ef975d,1/28/2026,13,58,4,60
688f5204-e218-4f04-8020-e5a7d802970b,10/6/2025,647,66,1,28
1b133051-030b-411c-9d10-30303db0e8c0,3/14/2026,407,37,1,86
c6af4abf-0d6f-454f-86b6-dab1308ea1cd,4/27/2025,172,37,3,111
bc6e360b-6558-4681-b2d6-faf16e42f5fe,10/11/2025,371,84,4,360
439631d7-8fc1-4f3e-8192-0a026e5eb8de,7/4/2025,921,29,1,87
a59cb1e7-acfc-42eb-8fb3-44e93ecc7cb9,10/2/2025,18,82,1,88
a4f7a591-6f5c-414d-8d22-3e23203a40f1,2/18/2026,363,26,2,184
12a83112-643a-4e01-af77-36896c41e022,12/1/2025,793,7,4,44
5cf6f2f6-3735-4bc2-9fa8-1a58ae928589,9/28/2025,713,77,4,320
f1f530af-5bfd-41b9-ae9b-69cca1261271,3/15/2026,548,31,4,152
26c55165-4682-444b-a791-87ba091bff18,8/2/2025,401,53,3,48
2a98d155-f7c2-4b1a-afb0-85c9a953814b,10/12/2025,954,26,2,84
91f3c67a-2bcb-4af3-a85a-e5d90bab7feb,9/23/2025,934,65,3,129
b3ffd698-701a-4410-a6d6-1c90317daf31,8/14/2025,8,27,3,237
31b7c2ef-7aa9-4aec-87b3-c9d7357e6952,11/25/2025,19,60,2,62
bab1bc71-a568-4d27-8d0c-f60babea3214,10/24/2025,872,24,1,32
341ca1b9-a2f1-4e77-bcd6-63b1284c2b3f,8/23/2025,149,21,2,176
33adeedd-ec88-44f2-a636-384e2abf319e,10/1/2025,422,93,5,110
f4cfd5cb-5d55-4819-8c76-57ec7b04ce8d,6/12/2025,356,14,4,216
dbccc248-1291-4024-8fcd-6c843914d7f0,6/17/2025,495,32,3,135
6f94c4bb-49b7-4777-9f69-6937604299ad,11/22/2025,491,29,1,38
8f87e491-e66c-48f7-a66f-3a8ac5a43b53,2/1/2026,92,89,2,98
ddf37c43-072b-4c1b-9a05-0591d072f774,2/25/2026,769,4,4,76
f78ae89a-1764-4f48-910d-dd321b884a63,12/3/2025,190,35,4,300
97408f50-23cc-416d-9ff5-2597d590b82c,9/26/2025,682,34,5,110
5467e751-fb89-43ed-9f82-acad89bce816,9/22/2025,299,19,5,400
c9b2265f-bf99-47e7-9bc2-ece4597ce8be,7/18/2025,602,47,3,69
88156f75-3cf0-4511-a986-75f78accb613,10/25/2025,425,22,2,126
dcb4a220-0ad9-45b3-ac02-c72c1e1bffe1,4/1/2025,693,91,5,335
34d64507-25a2-465c-8ccc-e9351745bcd6,12/28/2025,634,85,1,93
3bc9b223-a3ca-4e3c-8951-607f3c65d390,8/1/2025,752,16,2,140
501e0413-507f-4853-9e71-9678f316100d,2/12/2026,566,94,3,264
698d6b7f-5756-43d9-a887-1b99d40ebd68,1/6/2026,450,52,4,192
28482a39-b128-4c86-af25-bd50f5888a2b,7/14/2025,835,88,2,200
30b100ed-c338-4d61-bea3-81f1059e51f1,11/22/2025,450,98,3,78
273b9b29-3c23-4150-bc91-125715223717,6/10/2025,600,98,4,300
145d37fe-c78f-458b-b3d2-aa1b431cb7b3,2/18/2026,171,68,5,250
a77f4dd7-c153-4534-bcf1-61b482972d4c,11/30/2025,996,73,3,195
3c679993-7ab2-4a2e-b6e3-011a5dc6825f,10/10/2025,912,9,4,268
5a81a4e8-dc85-4efb-a9ba-044018942ec2,4/9/2025,163,34,1,41
495af243-3257-4197-b05b-9451a94d7bda,10/13/2025,91,27,5,255
5af08184-f92d-4e9c-8262-263c6172c222,3/13/2026,216,5,3,213
95e136ab-ee97-4143-921b-ff0afc20cbf8,2/11/2026,283,67,1,51
5fcbce84-a95e-4c8d-9dcb-e32f87c2abac,12/15/2025,245,31,1,67
d4bd700e-2017-4320-8ccc-eb17def8f9ba,12/27/2025,646,30,5,90
dd7582f4-2b0f-4baa-a9e8-8ce81cacc82f,9/23/2025,196,47,3,147
65d1bd7b-33fe-4638-b74e-20ddc49185ed,10/8/2025,304,91,2,40
1147ac33-ba11-4069-a19f-36add300ced1,10/12/2025,4,16,2,30
370814cc-f20d-49d8-957c-0cf12f8deb7f,9/2/2025,411,36,4,56
3ec93a50-77a9-4ca8-b35c-51b842492053,11/16/2025,432,87,3,99
cc8195b0-50f3-44b3-8295-d81c7d8228ea,3/27/2025,480,78,5,215
8abfbe33-3aac-447a-960d-345c7d22c966,8/9/2025,224,30,2,56
512224cb-85fb-4605-83c1-650377605a06,12/18/2025,610,85,4,320
d0f60b1f-eec7-4020-b1a4-8427f80793c5,3/9/2026,784,60,2,196
58cbc985-33ff-460b-837d-6e99186aa7de,2/22/2026,56,47,3,183
5c5b7a9d-c071-4ae2-a117-72dd2c7828f1,2/9/2026,408,81,1,43
213f224b-c8fa-4cad-aa0c-c4e2cf86366d,3/14/2026,301,37,1,85
d16b369e-b93e-4b0c-b3b0-42722615dc62,3/23/2025,771,70,3,204
4db54b82-fd91-40ac-8819-a356eafe2c48,7/5/2025,91,49,3,171
1b2ef721-c6c6-4e6a-9455-7befdaaafda8,3/27/2025,575,86,2,158
dd5b093d-6bcf-4105-bd37-13a1ac4fcb40,6/25/2025,897,48,3,81
043266ea-d0f5-4a24-ad72-0b1d1ab1cf58,4/30/2025,103,9,4,260
22306172-7541-43b5-a832-17d3dbb15cd2,7/9/2025,872,66,2,134
2c80a8db-83ee-4f7f-b984-7c7160a5c6a9,1/29/2026,149,45,1,44
86e668b1-bb4d-4c5a-a863-58119ce91b4a,6/10/2025,628,1,5,255
b7acc370-e846-4a97-b9d0-bb858478a6dc,1/23/2026,929,57,4,104
881dc106-faf3-4f59-921b-2482a07f8f73,2/23/2026,297,20,1,25
395cef07-ef65-4310-9bb3-9e0e37f5284e,4/1/2025,282,40,3,282
654df622-f3db-4431-a464-b2e650cc4c7c,8/17/2025,188,29,3,54
432e71e7-21d8-44bb-83a6-578c0b580852,1/13/2026,102,72,5,115
1b18975f-f607-4eb3-ae13-b8c3129ebabc,6/29/2025,162,10,2,66
08de225d-df45-4d13-9bfa-58b9fa51f07a,5/4/2025,65,22,3,114
532d19c3-81a8-4344-b6b7-d0df575bb53c,12/12/2025,123,21,5,80
466c9bd0-832e-4ed1-a854-f5325f445bdc,6/5/2025,52,20,5,105
d1dd84af-89d2-4dc9-8d79-d5ab74576d99,6/12/2025,470,22,3,111
c053a260-0637-4b0c-a665-ab212ae9e73c,5/30/2025,587,79,5,440
38cf36c4-1774-40d3-89eb-48f0da5e9354,6/19/2025,163,48,3,168
e3660132-7e96-47d4-9597-39747b029660,6/17/2025,329,61,4,356
bb99e3e2-bf0e-4f8b-be88-8d4e81ef1e2f,7/25/2025,54,7,5,270
2ae131e0-4482-493d-9029-ffd8b22f30be,12/22/2025,26,22,3,165
9b11c71f-d591-419c-8508-9bc5dcb17e5f,10/20/2025,343,10,5,285
e806a559-89cf-494c-bb76-780216c67e03,3/2/2026,878,42,3,102
392ab3fc-02b8-4eaf-b072-9961f890b0c0,11/22/2025,894,3,2,196
be17db6a-69e7-4c99-ae5d-ad424594cd2f,2/16/2026,118,85,2,74
ae063d16-71ec-4c52-a30d-d10e8e8b6940,6/19/2025,896,94,1,83
dd35c7e8-45a9-4b53-8ac6-d7d65ef5df06,1/8/2026,435,2,4,44
0c02a403-a0ca-4dd4-98b3-0a19228a05bc,10/31/2025,418,68,4,400
a5926f5b-93e4-464f-a683-e3813d5d3175,5/29/2025,27,92,3,177
ff51eb7e-0d59-43f7-822c-644ca5095afb,9/11/2025,168,91,4,388
97e53022-4533-4326-8fd7-42c8ddf631c0,4/29/2025,796,60,2,24
44d28d9d-8cff-45b4-b4e8-f6a380a2186c,4/13/2025,795,82,4,380
40e90628-090e-4517-965e-98a30cf49543,2/1/2026,120,1,3,165
7604b311-aeed-4805-b041-6379df363257,5/25/2025,414,76,2,42
a921df2b-a4a7-4763-9ccd-3317615e37d2,5/8/2025,375,65,2,70
7a3b7b8c-e1e9-4e9c-ae77-e5a90fc00171,6/11/2025,836,93,4,240
b1234017-bac2-4c91-b8b7-e0b811737f6c,9/3/2025,188,77,5,95
f0abf9c9-076a-4212-b6b6-ae1e3fda4d70,11/4/2025,632,74,2,174
7dc16417-6b40-429f-a97a-c3d6d319fd4a,7/31/2025,231,67,1,90
76133cd4-e4a4-42d2-babb-9e05102b4c19,8/23/2025,808,39,4,272
c1e63bdc-efd6-476d-963b-9f15fd9d13c8,1/31/2026,58,59,4,44
1979462c-22d0-4afa-b168-b048256b9287,2/13/2026,217,1,1,68
9128411c-344c-4fbb-b0f7-63c96a883b70,3/9/2026,641,29,3,276
3c520617-c5a1-48df-8365-d5d6e0ab8a6d,12/16/2025,8,99,2,62
8c343f5a-278d-417e-8d76-3ebf37689951,2/28/2026,361,49,5,160
d77ef619-19a5-4506-ba53-67cc7b667c0f,9/17/2025,373,63,1,46
668a60b6-4f64-4d09-a617-2b2df2ec626c,2/4/2026,284,67,5,95
fc6ebd42-1158-46c6-8002-119f3e0b457f,12/3/2025,778,10,4,280
c27b141a-700d-4fb1-b5bc-497b95dcebd7,8/17/2025,122,60,2,106
3b0357e2-fbf7-45e7-a62a-8260f6e01a1b,3/2/2026,672,71,5,390
bd302c74-7fe0-48c9-acdf-1bf03958a619,1/30/2026,305,75,1,90
160f8c7a-9b16-4f2e-97bc-7c8ea80220df,6/8/2025,751,49,2,118
d6cfa4e9-6240-4d56-adb8-c864fa7fcfbd,9/14/2025,642,99,1,31
1626994a-a6d3-4c66-9038-1d014d1ebb10,5/16/2025,967,14,1,94
a24d4bb9-d414-4fd3-880a-f83394adb747,12/19/2025,299,50,2,196
04c3b5d1-c60f-45af-872b-6283992ece1f,10/9/2025,770,45,2,142
8642aba1-5fb7-4784-ba2c-7639448f8fcf,11/25/2025,199,62,5,475
44345abf-7453-41a2-8969-d9da5b8275a0,9/21/2025,692,27,3,36
0903f807-b384-469e-8038-ee4e0747eaf0,5/13/2025,795,67,4,300
3ebf0a20-f999-47ef-9d29-a7d1882fb2f3,3/11/2026,703,9,3,165
93b0656e-d53c-48d3-a71c-f946d7dba884,5/10/2025,402,39,3,282
7eb330ff-8301-4048-952e-32c388afc47c,3/13/2026,948,82,3,78
4f1767d0-a8fe-4a31-b95e-39bcd9c51c59,10/26/2025,718,64,5,360
0b51c952-60ea-4977-873c-e8bb48f2afd4,4/5/2025,144,43,1,98
ff487feb-65ec-4b3d-a11c-1c9c6e79e3dd,7/31/2025,296,87,1,83
156691d5-0881-4135-83b4-342cd0d1ac25,4/16/2025,949,19,5,420
00bf713d-b400-439d-8858-d1b5039966cc,6/3/2025,992,99,2,40
9b08da8b-98cd-4f36-8175-24803221c2c6,6/18/2025,591,44,1,68
7237abeb-5c5a-486b-8c55-dc9bddc34e5e,12/31/2025,998,83,3,273
321d86bb-2d92-44ee-b464-4be90b3a0a6f,6/16/2025,380,7,1,24
c025b459-7c16-4428-9743-dbd981519adb,8/8/2025,616,59,2,152
9af144be-ad70-4551-a242-20baaf71c544,11/19/2025,947,37,2,194
c2a899cc-b213-433e-9fef-14a786796efc,8/25/2025,524,54,5,455
32e6ecae-00c1-466f-af32-122ccd7dd44b,4/24/2025,433,3,2,22
0c6703c0-c63e-44c7-b2f3-4be81654ea6d,7/31/2025,281,86,4,104
d7078031-e5e6-4be2-b89b-9f5b1f0750cc,2/18/2026,267,5,3,204
a4fec32b-972e-45d3-a69a-523d22051691,10/13/2025,592,87,4,296
17946e2b-a064-4e28-800c-421c6fb9b626,8/19/2025,302,3,1,88
9779ab3a-7648-43d7-bc31-7b5fc262ffc1,1/14/2026,783,48,3,210
045dc84a-6af5-4328-925f-4faccea13678,12/27/2025,381,74,2,164
7b927f47-5b1a-4b02-9cdf-92bc7c0311ac,2/22/2026,624,92,4,252
903f6ffc-ab0c-41d2-bdaf-3bc998fddb28,3/10/2026,921,86,5,60
b392279e-3683-470c-98fe-99d81d827d1e,4/9/2025,423,19,4,172
67df0f40-feb5-4c27-b16b-11a201e0e79f,8/7/2025,217,76,2,72
144ad891-94e5-4e75-b223-1a5adcca268b,4/9/2025,621,80,3,210
38fde039-ab5f-4ae1-98e9-692b29288523,11/12/2025,26,83,4,220
b02ed5aa-29d8-4edc-9e6a-fb877bd19954,1/13/2026,22,86,1,65
ee0c0220-cbcc-461b-9c9a-47bfdd6158cc,6/27/2025,182,76,5,435
effd4f0f-5557-4ffc-8316-9dbd17128430,11/12/2025,659,85,5,65
34a9131b-2f5e-4f72-837e-7483d3a54510,4/4/2025,687,83,3,183
bd7a1946-396a-4385-ba02-8831ce366a05,6/9/2025,998,77,5,245
481926c4-5624-41a7-a76d-0dd2e8514fb4,12/13/2025,932,26,5,125
1de93aeb-43e3-428a-a875-24bebe2193a8,9/27/2025,871,56,4,96
7f6266d7-3392-4ccf-9db3-bea608a9a322,12/13/2025,29,2,4,220
3721b837-f506-4039-8b0c-614566ab5ceb,5/4/2025,56,1,4,180
32b07eca-46c1-4842-8917-984b06a53177,2/6/2026,458,50,2,88
f7501532-d89f-4e67-9ab3-0e336a4c5432,1/2/2026,951,7,2,56
01712e74-e0dd-4b03-9e30-b5e6533b5455,3/12/2026,274,20,3,108
c8dbfc2b-4504-4d05-b113-acb5fb49a960,6/12/2025,284,25,3,198
1ad09f9e-dc60-4b66-b520-a6fa1051e443,3/28/2025,554,33,5,455
7adff99d-21b6-4701-ad63-9b52817e377d,4/11/2025,501,67,3,207
fc9f55d0-c114-40ff-b0d4-57f243c56a71,9/22/2025,20,13,5,425
dd8bd8a6-6705-4870-838d-221afe0d3ff7,4/13/2025,638,10,4,216
6ec8bfe6-e781-44ac-ae47-04173d3cd259,5/12/2025,613,38,5,470
be92edba-d874-4050-90b1-9cbf6e82ce3a,7/9/2025,680,50,4,156
7e976cb7-b8f8-4cfe-8acc-4bc578c44e3a,2/26/2026,814,3,2,184
87212738-41e1-4cd2-a953-04caec4b8260,11/19/2025,36,84,5,155
10752b1a-a3c2-46cb-9022-757d634e544f,9/15/2025,334,54,4,196
e35178ab-3603-4a59-8eec-5eab0f207e1a,6/24/2025,677,54,5,120
b8d7a7ba-3a4a-4209-8751-24b2d57c4e3c,10/22/2025,23,45,1,59
bc080428-e051-4aab-9c76-d2a77db6536e,1/12/2026,288,92,3,162
07cd83f4-6017-436b-ab0a-008281ad3785,11/26/2025,159,67,2,24
a685827d-d5b5-415b-9c4e-3d15538b87df,12/17/2025,173,95,4,212
7873ab20-79fb-48b1-b330-02973115fff9,6/30/2025,50,33,4,224
0c7dc852-8a38-41a8-844c-9b90d88e60e3,1/16/2026,558,83,4,52
14671a35-336f-4c98-b7a4-83179f6f3c2a,2/21/2026,618,38,4,344
97e485db-3164-401d-b513-c051060ba2ff,7/8/2025,230,8,1,41
514c0982-c3c9-4954-9b73-7a7287cee262,6/17/2025,321,23,3,120
dac78603-644c-4ddc-8947-63fd116bd747,9/10/2025,2,35,5,420
4a1b7349-2135-4f6b-ada2-890c4410e2f5,11/28/2025,622,65,5,380
49526387-eba4-40be-a4b1-fccc03342041,9/23/2025,926,82,2,112
60868951-21ff-4d41-b4b7-4879dac350bd,12/7/2025,543,21,3,270
632cadb7-5f8c-45b8-b334-0ae657c2d6fc,1/31/2026,491,7,2,28
5b15333b-c276-4a24-bf01-0606454cba84,5/23/2025,303,79,2,108
0be72daa-b3ac-4742-b0e7-f0fbb588ca55,10/20/2025,670,10,4,200
1c65ee73-9c7e-4cf4-8760-907d5981105a,4/17/2025,950,94,5,75
240891df-6f6d-4d10-8496-9eaf721fd18e,2/5/2026,758,95,3,138
d63fdf4a-262b-4781-a229-37d432067046,3/14/2026,826,67,3,228
09f5dc6c-420f-4d14-bd25-462d90bb72b8,7/12/2025,858,58,2,68
8e68eba7-92d5-4c9a-b42f-b55e71960223,11/18/2025,108,5,5,395
14a79851-c722-461d-8880-1bd64bbec1a0,8/14/2025,54,15,4,160
758af0f3-71e8-4233-9769-9a66337ac716,6/27/2025,544,68,5,235
4c5f83b4-f9f6-4d7d-8c44-c4ae06b4bd47,12/15/2025,783,13,3,57
1d09aab4-6e08-492a-9203-a716547bd508,10/8/2025,273,36,1,30
e6eaf29e-3a84-46b4-bc65-f94e218dacf2,4/11/2025,971,60,4,236
bf7f389a-a7e3-4534-a0f1-76e3461833e8,5/21/2025,521,66,2,36
fe81428c-1559-4e1f-8f24-f10ba0db5323,7/5/2025,495,45,4,212
796fd518-bc07-44da-88b6-11a9bc2e4701,5/6/2025,681,22,1,18
a5c6abc2-4211-4752-9da1-accc3697f29b,1/10/2026,102,35,3,204
603fa164-80e7-4720-aebd-6a14bc233ce5,11/7/2025,588,65,5,405
f6857f45-7061-4f08-be74-b8184a07268c,6/3/2025,842,76,4,212
b26a0d06-a80f-460c-a9ba-8b730a5d478a,4/26/2025,113,58,3,273
3f25ce14-a782-43f0-a376-c7a11b2b3f53,10/17/2025,12,22,4,232
fe045077-0d32-4d65-bebb-4426fded2529,5/4/2025,960,46,4,148
d2e74faf-908a-43a5-ac18-0434864a12ad,5/21/2025,430,34,5,150
614c3d06-b560-4442-b3ff-05d63b3ee652,11/8/2025,442,6,3,210
ce56babb-45a4-49a5-8ebe-65528ba2f5e7,1/29/2026,151,24,4,260
34d2e083-1d44-4d42-86f5-e3d1e8a8d2bc,1/26/2026,287,44,5,410
9adea1ba-db10-4012-8c3a-160039d4f55a,2/22/2026,736,82,4,160
e059e950-18b6-4078-b4e4-64397c2430ca,11/18/2025,950,74,1,66
44438fba-5c3d-44ed-ae69-6f2bf0af0f87,10/1/2025,262,89,5,90
32e1ea83-5c78-4300-8f6b-ba64623573aa,1/24/2026,60,31,3,39
b47c7d12-8f2b-4ecd-b487-dec45fbb41cb,10/28/2025,880,27,1,97
3be26dda-6715-403c-80e8-11077e90bb9f,6/19/2025,339,92,1,39
42ba2fa1-9397-4c40-a240-499a24bcf81b,10/10/2025,658,66,4,116
c848c00e-cdd6-4751-aa3f-72d231905407,2/25/2026,10,66,5,225
cc379e62-d6c1-43c6-b950-7164941eb29a,10/8/2025,521,47,4,360
a0808ed8-5481-408b-86e6-418cda1bf5a6,7/3/2025,879,36,5,315
7dcaae64-ede1-4cd5-843e-5de27d07c585,6/28/2025,64,22,5,315
c9d91a35-4ba1-46f6-ada8-f961d3cb4072,4/17/2025,134,68,4,208
dbec57ff-8816-46df-a6ee-113457ea6915,7/18/2025,155,67,1,68
ad36148e-8201-425a-aef0-8981e62800a6,1/21/2026,371,1,1,42
c490a860-b59c-466c-a082-cbbf0c49ff72,1/31/2026,199,75,1,20
5b8253af-e8a2-4fd3-b976-843d688c1d2a,11/8/2025,522,86,1,43
6438fbea-21c9-4396-9d55-4a3a15e4d6a6,8/25/2025,453,81,4,200
c8765eea-8d9f-42e3-b649-df9285a71ded,5/2/2025,337,99,5,390
d50c98e0-d355-49d0-8393-0fb06a82946f,3/2/2026,952,12,1,61
0f89a52a-87c1-46e4-af5b-4a55997b1cf4,7/7/2025,173,29,3,234
332c239c-5f7d-4f4d-8817-3893fad3b807,2/14/2026,208,77,2,26
bdd2f6d9-7c40-40eb-a067-9736e21c8b8b,7/1/2025,816,32,2,132
0755d92c-26a3-4e9a-9e77-49f67ec4c161,11/9/2025,319,1,5,250
2ad7e74e-7945-4dd4-a372-5f360d503bad,7/16/2025,101,79,1,63
f2d22105-d2ae-40a4-ad09-9decb07a6009,4/2/2025,430,55,4,100
c4a95b6b-9f5a-4676-92fb-d52e25b50945,1/20/2026,714,55,1,23
b8274ccb-e2d8-4134-a696-190bb18cabf1,12/30/2025,85,48,1,59
36208065-fa05-417c-975f-432814ccd3e5,10/30/2025,565,44,5,210
7ef6621f-8704-48d0-adc3-9f7323c5f377,10/17/2025,133,72,4,92
b2b3545c-de3c-4fb6-9383-da9a87d86802,12/10/2025,140,60,5,215
a05f9f17-fb17-4b55-9632-0a15fe0b62c5,5/14/2025,123,6,5,495
39ceb658-6db4-4746-92df-1c9639248b29,9/12/2025,479,57,4,196
4bb4a9c5-0305-490e-853d-5b4a222bb7d0,10/12/2025,517,24,5,165
a0f09a5a-e24b-40da-8e38-22445925c5f8,10/3/2025,49,42,2,112
133b72a6-a350-4d2d-b9a4-060f24330903,8/24/2025,978,29,3,36
d1e0570e-7366-4042-b7ca-fc9643f411fa,1/4/2026,805,84,5,85
6bbe13e6-c5cd-49aa-bae9-9d6899a770fb,3/25/2025,805,98,4,356
52400ead-ddb2-4814-abc8-c9c3d55734b5,12/27/2025,562,50,3,144
52e594fa-646b-4891-9a96-481296030d0c,1/15/2026,147,37,4,196
385d4bdf-ee7b-46ec-ad54-48fcf1a9608e,6/5/2025,498,65,2,26
251cd142-3cbf-4ac9-8489-4ba44b183335,8/1/2025,761,95,5,140
64249e0f-5e91-4c80-949c-c8e73caafd12,9/4/2025,970,16,2,146
b72a70fd-2e10-430d-9f9b-bf4bbb06455a,8/11/2025,523,48,4,328
cfaef370-fd6c-4ce5-ae72-f67f62e5a0e9,4/24/2025,399,92,5,365
7f06de56-0d3f-460a-8d38-1718c02659d1,5/11/2025,104,95,4,280
ad0887c5-abe5-42d6-9db5-f746dbd4dff5,6/15/2025,270,27,3,192
cde24503-2763-4b79-88a4-b0f69fb5276a,5/30/2025,230,86,1,12
9dbffd44-39b4-4ad4-8604-d7578d229b91,5/29/2025,559,13,1,86
70766591-a1f7-4178-bec8-8b6b39119a63,11/12/2025,440,80,3,231
037373df-38c4-4874-8e07-0fd0843c7c69,6/4/2025,811,37,1,22
4a8baf71-1ac6-4ce0-aa69-e07f058d09f6,5/20/2025,453,88,5,470
3b57c884-ddf9-4c3c-9117-a575e1299333,3/22/2025,327,69,5,320
d4f13f47-327c-4ee8-b47d-6a8b3fcd0844,6/13/2025,454,70,2,160
36377cb7-4e69-467f-9ca2-5fc2da9ecdba,3/6/2026,948,65,2,144
b3a690cf-d9cb-4e72-a016-bdaef4448adc,6/19/2025,722,34,3,90
33b13e8e-3cfe-4628-96a9-ce10d1387a10,6/14/2025,417,36,4,272
0412f9d6-c0c4-4862-a548-4b2fd9b90af2,1/12/2026,644,74,5,280
6a8719c8-3c68-4736-bdda-b06f9dc0664e,5/15/2025,718,92,4,108
f8ee66d1-dc76-4220-a375-42561aa8bb0c,4/28/2025,678,54,2,88
4e4e9465-b527-434b-bacd-09477d639fcb,3/17/2026,335,98,5,365
5a5d58b0-373c-4815-b179-4d69f183b48f,12/12/2025,423,4,4,248
a45f3ed8-234a-434e-885b-eacc9ab01b94,11/14/2025,884,39,2,124
8e1860c9-e2e0-4135-b784-e1c78f354c89,9/9/2025,814,10,5,350
0b2d017e-1ce8-45cd-82b2-6afdf55ed156,5/15/2025,930,43,3,174
0479d489-6e98-4b40-ac07-4cfdc6ecd330,8/30/2025,337,15,4,376
aae6618c-b9ff-4008-a422-42bc1d169e30,12/14/2025,579,3,4,360
05657c9f-bebd-48a0-9532-6b15cecc5151,10/21/2025,585,56,1,72
93298124-0640-4e96-8c9e-18ab12c90d45,5/2/2025,270,38,1,21
1b5fd713-0f5b-4971-8afa-c147f3a03770,5/11/2025,434,37,2,58
323d143b-6f25-492f-9c47-1cdcb897977c,12/19/2025,933,19,1,44
6d1acb01-0372-4818-8207-ff5e35c5c826,12/19/2025,206,64,1,31
d3e08900-8a2a-4f2a-ab11-d3346b66e6a2,12/31/2025,396,37,5,85
22e39fe7-d2c8-4a0f-a396-c0e2d9554925,8/25/2025,607,85,2,142
646f3e11-17e6-4357-9b05-757511a73d2c,3/3/2026,978,78,1,76
7cd4f4ad-7f39-4474-8fe1-d510704b9006,3/10/2026,702,71,2,146
2784944f-8be1-430a-95b9-c3aec46c0e0d,6/6/2025,810,35,5,435
feaaec97-a6a8-4391-87aa-85a17d43b416,3/5/2026,275,22,1,35
0d21ef0c-2764-4e84-bfcd-186e1e9e357d,1/20/2026,331,37,1,32
0d4279ce-640a-4143-acce-7de013e6dfd4,3/18/2026,86,17,5,425
8c15edbe-ab61-436f-9cf3-94005816ad5c,8/2/2025,187,65,3,102
78a17962-01ef-46af-ac81-329a10d45e49,9/9/2025,244,66,3,159
dbc9e3e2-1313-4ecd-a6d8-39c1f3163f13,6/23/2025,267,6,5,75
f0ba7af1-8917-4488-8f6a-2fb5cf716c5a,4/3/2025,663,62,3,132
d5022224-76e5-42e0-a872-06165cab4e8f,9/18/2025,705,23,3,159
9e22d7fa-e632-4215-b00c-4b0829714a89,9/30/2025,146,71,3,72
2e62f3f5-0d98-4131-a797-401df2b76803,7/1/2025,850,9,2,196
123268e3-cc5e-474a-be72-4fb78fadd84e,10/19/2025,910,15,5,110
1ff3ae48-c106-4ff2-a8b6-4618f17e322c,7/14/2025,823,1,1,92
d051a9d0-9b4d-4af5-a56f-dde936d7e49d,5/4/2025,564,98,5,305
1333d3eb-9801-4001-900d-9254a7c29633,4/23/2025,510,34,3,264
c38b8481-37cf-4931-a447-0d817fdc4e5c,5/12/2025,761,53,1,81
ed780072-6127-466b-8779-f216ea14c62f,5/20/2025,99,5,5,410
ee44e64b-92ac-4b56-8ed2-37d75e9d98f4,7/12/2025,159,76,3,156
427a5680-8cfc-49fb-9e4c-c8b160d88ca4,6/1/2025,311,47,2,192
09dfafee-e6cf-405c-8fa9-f86d1be3979f,3/19/2026,450,75,5,195
80baaa8d-dc82-425b-a459-5b5ac47f29c1,10/28/2025,694,24,3,282
b9bb1077-aa00-41e9-a6ca-0f900fc5a0c7,2/14/2026,61,94,5,485
764c64c7-8c80-4fee-ae1a-d3af99148388,8/21/2025,457,46,4,96
e238b566-0f5c-4977-8bf6-b2835f55397b,5/30/2025,523,88,3,240
2547a7d8-0091-4140-a7b6-3de6ef6859cf,11/21/2025,347,72,5,180
cdfc25c3-769f-42c9-9441-2a10be27490a,3/1/2026,106,56,4,96
a540e360-e9f4-47ac-bf14-063fc2738fd7,5/14/2025,410,85,1,15
78f46c67-a0c2-4879-a88b-120426f95ff5,9/2/2025,341,7,1,76
37f5d1b9-b5bd-40cb-a44f-f90fc7270b5a,10/24/2025,682,88,1,19
6a89b310-3e8a-4183-9ed7-469ce6ec04df,1/10/2026,165,1,1,36
a1fbd224-c6c8-4811-9a83-a70f26d058dd,6/11/2025,755,37,1,53
0b287a87-600c-4473-b49d-b66ee493f06c,11/3/2025,562,33,3,198
960b6e75-3d4d-49ac-8349-da3c66f44cb5,3/10/2026,804,53,3,105
094ec036-199d-4edc-9db9-2da7cdbc380b,11/27/2025,663,53,1,12
44bd7b0b-9148-4dee-869e-d2c1fdd52e96,1/13/2026,641,49,3,216
0fbe1013-b27e-4b1c-9234-1d90ac53ec8d,5/29/2025,342,87,1,42
ff048242-3d0b-481a-aa15-87e6fac52a1b,6/23/2025,20,97,2,130
a0623741-50a3-4f7b-9d05-062b26dc39b4,7/18/2025,106,100,3,99
2506b09c-6967-42f2-b156-58b39feff3d1,2/11/2026,707,46,2,92
0c878829-fe2e-4086-9b74-5061228e2f12,10/12/2025,801,82,5,290
aeac2abf-ea9c-4977-a736-c1b55f94cf6e,7/15/2025,13,4,2,88
0cb490f3-cb4e-4be3-9e32-ed421450e13b,3/12/2026,441,65,3,108
01bf5247-1dac-41f2-bdde-99caceaa1df5,2/2/2026,520,82,3,282
4c5fbc3f-da82-4e0c-88d8-376546345d6d,3/7/2026,462,95,3,285
dde7c019-6465-406d-a114-92a3aa686e6e,3/11/2026,528,65,5,65
ff9f9aee-1e22-4c07-9dc1-3bbae94c773c,6/11/2025,324,94,5,385
8429a1f8-939e-4dd3-8c1d-2d76834a7e65,10/30/2025,287,29,1,44
5a91d37a-5e05-4603-a81e-23a7a8b66fa9,10/22/2025,237,49,2,186
38ec4df8-1a6a-45a0-a8ca-852e5798648d,6/10/2025,682,52,4,360
4ca27d74-7027-4e59-8efa-920f7d793547,1/20/2026,729,35,5,165
28f161be-a373-48d5-81f9-ca08fd17fc0e,2/27/2026,957,51,4,40
0ebd88f1-eb17-4f89-bb1b-f84df97449fb,7/4/2025,246,59,3,189
f5f5f168-09d6-4519-b989-b34cfa304946,6/3/2025,689,15,5,360
b5b27b64-a41f-4ea3-ae6e-725cf659a380,2/4/2026,579,43,2,76
80341fdc-b095-44e0-a9fd-1516bc6638f8,4/3/2025,349,10,3,153
605a519d-ef66-4c8e-b286-57eaac311a2f,10/24/2025,324,44,4,60
1d2b1663-dbe3-4fb0-a11f-714c94210061,5/21/2025,454,76,4,260
814a95fa-b730-4bed-8098-12f5d01433ad,1/23/2026,922,61,3,255
bd622663-a823-4936-a377-90ca2761b655,7/12/2025,133,10,3,33
22456ee6-9fb0-4229-87bd-05b41a47cb7b,5/30/2025,293,12,4,288
6a9ce7ae-0969-418e-9f83-ae6dc3def665,6/27/2025,328,27,3,159
e6a4ebc5-cfde-4367-9250-e929728c1dae,9/23/2025,404,60,1,35
02b887b2-621a-46cd-b7cc-94e8669f201d,12/29/2025,523,63,1,11
1669e75f-36d3-4471-85d0-4b9b24784904,7/20/2025,783,45,3,120
90015b0f-b7c6-4ac4-af15-c088e8ccc41e,11/17/2025,52,16,3,237
a477e1c2-6a67-4c95-a55d-cdba2a2bc47a,1/30/2026,758,4,3,93
8b37239a-e57d-4a7e-ae31-807e2e259a43,5/13/2025,720,54,3,180
0c41828e-e1bc-4726-abe1-07036cfe0ea5,11/12/2025,437,78,5,110
d3179e37-4937-45a8-b2ca-3d7cd80dc04c,6/4/2025,588,80,2,114
975af9da-dcae-448c-ad02-c4fec16e84ff,12/26/2025,637,56,2,40
6ec3cd2a-97a5-4d63-8da1-dd441368021b,8/28/2025,978,29,2,172
6370d07c-23b5-4cff-988f-4cda0c0715c8,11/15/2025,140,64,1,16
48f4a491-248f-4e4e-9f45-f902e7cdcbf2,5/17/2025,783,64,3,138
d5a860e5-875d-4a3d-b8a2-650dbf902044,12/20/2025,855,21,4,140
04bdf84f-db98-413a-9342-e4bfcc397e9d,5/24/2025,475,28,1,20
ce869b8e-826c-4052-aeda-d9c96c5b6ca0,10/28/2025,712,23,3,123
f0efe9d3-7508-43bf-8fc8-dbe777161484,2/8/2026,967,53,3,243
a793e5e4-f9eb-4546-aa5d-539dbe3abad0,5/12/2025,94,45,2,178
0dab575d-9fa6-47c3-b66a-007026dcafac,2/9/2026,946,55,2,126
5663eeb8-bdee-4eb0-aeb4-ec35cae5c1bb,8/23/2025,798,63,3,177
9aa288ed-e4b8-4656-8474-b1d05ca3e1b1,2/27/2026,434,50,2,162
d7c9c2b9-9b9f-4df5-819c-55768f0e56fc,8/29/2025,116,58,3,102
76cd15fa-8ad7-4b46-81a8-a08c787cb25e,3/27/2025,970,99,1,14
d3b51c2e-1a32-4ea2-948e-1e4f69fa8e4a,10/11/2025,659,31,1,92
aed51218-2217-44d1-a4b8-dd8772f80d65,9/17/2025,81,17,5,405
830518c0-89fb-4d78-bbb3-20b07dcc77fa,12/13/2025,518,50,2,126
a3764c3a-49f4-464a-8973-a7edabe5023a,1/29/2026,197,45,2,136
b88ce064-57fc-44e3-91e2-fbc01b82957f,6/11/2025,211,47,3,279
5d83b448-174f-48e7-a59a-d484ad736ca0,9/27/2025,892,22,5,415
4c9f0ffb-acbc-4403-b93d-249c5c07f864,8/22/2025,58,15,5,135
63a9b28a-2b5e-4438-90e9-4b9210c9e199,9/17/2025,558,53,1,46
a7bff3c6-ed2a-4543-b34a-b74668ceceaf,7/17/2025,598,72,2,174
34386658-423c-4c9c-8e55-133d5545a641,2/24/2026,351,25,3,111
5b29abe7-e350-4e60-97ca-87bcd95c205e,9/25/2025,645,53,4,152
d1abe1d3-44fc-4a67-a380-d1ce41a9b41e,9/5/2025,430,92,1,65
7b2ded11-1738-4de0-8000-aa90d0c38c26,10/26/2025,433,97,3,267
12e8c7e6-d81a-4073-88d1-803a56f486e4,2/4/2026,33,29,3,267
50420762-5752-4475-bf0b-cb5a1ef6e472,7/14/2025,20,42,2,106
6b2d5d44-a78c-41ae-a38f-dfe5313dde90,12/2/2025,134,45,3,291
685df69b-eaf8-4322-8476-c82f9af4f572,9/16/2025,590,84,4,332
91288085-19c5-4d47-973f-17869d79118e,8/8/2025,801,4,4,292
85f0d2c2-40aa-4250-adf1-327ebd0a91e1,10/20/2025,319,13,5,70
b98e0a6d-5a6d-4d9b-8787-1902855e31e5,5/11/2025,603,16,5,80
bb814add-b1e7-45bb-a8b8-c949e085233b,4/19/2025,309,10,5,70
d42af54b-dff7-4e32-a47f-0b6f0cce7260,1/14/2026,68,17,2,114
902b3495-cdde-44c0-a927-3738a23be6f4,8/20/2025,497,16,1,26
4de1df1e-653e-4f24-add3-be36d660e280,9/8/2025,858,27,4,352
f26dc92d-c3a2-45a5-9615-bdade369d06f,10/25/2025,336,3,4,328
c9945fa1-0ff5-4661-a437-6bd4b76de9c3,4/27/2025,884,61,5,375
c08d357e-f94c-4f20-aef0-f5060dbafe92,5/11/2025,536,48,4,76
e641d6be-6911-4b8e-9640-08f7e855a629,3/2/2026,467,27,2,192
daa08c97-5eb9-485d-af15-0900306a858e,11/30/2025,602,63,3,279
1cb923ae-576b-427d-b547-0809f0c4efa8,8/27/2025,86,8,1,77
34373464-59a2-4a30-aa04-83a0a882d11f,7/24/2025,588,88,4,116
ff5ee898-f086-4ec2-b15b-f70f7d0af337,3/17/2026,246,33,1,100
abc40b1c-b3b6-4a68-a1f1-a784054af5c5,8/26/2025,60,80,5,85
fbe5cce1-0fd4-478c-8ed4-c39061c8dee3,2/9/2026,667,32,3,228
480b0bb3-0c41-4c16-8a87-97412867f73f,4/3/2025,602,33,2,180
116c8037-61b4-4361-9a9c-f5cd1f03372e,5/18/2025,330,79,2,48
3c3d2f2d-998b-4f10-87bb-364b90711ca2,8/22/2025,308,53,5,120
283f61d7-7851-4761-8f08-a116df064d50,6/13/2025,315,39,2,58
fc893c5a-d619-46d4-8f97-59f677fa882f,7/19/2025,545,43,4,352
dc803c31-1e07-4cd9-adfe-b3dcbdb67b93,10/27/2025,196,58,5,285
4807c3e1-e6e2-4081-94ab-25e44ebd20b6,6/16/2025,971,66,4,264
47aed830-66fc-4e92-8de7-e36177200ce2,12/9/2025,195,56,1,81
597707b0-cad3-45c1-b9d3-1999e04df305,4/4/2025,348,90,4,300
f2d803c6-ebf1-463c-af10-9c18c969b7d8,1/3/2026,126,64,4,80
59e328af-b06b-4463-871a-8a526915f2c4,12/2/2025,290,27,2,126
3c9b6e9b-b9cd-4e29-9506-f6f61e9a2762,1/3/2026,30,50,4,244
7789821c-b0aa-470f-9a44-e2fcb36f7637,9/16/2025,169,87,3,258
023132b0-e6bd-4f3c-858f-14282e8058b1,4/17/2025,109,2,4,276
7ff9a2d3-3139-429a-8d6b-43f6ca07d236,3/16/2026,178,94,3,252
17ddd8dd-2ab5-48a7-a60f-7c24cc006270,6/25/2025,82,93,5,475
71a0c9c6-8adc-4074-867a-f47682c3c2d4,9/29/2025,714,31,2,86
d2b323a6-c5b5-4e30-ad7b-cd0771e3db1b,9/29/2025,372,55,4,280
a9f3d5d6-f227-4ed0-a26d-6829af34d9c8,4/24/2025,220,92,5,175
dd9ca869-9c7e-4767-b208-bcf8f0f7bc3a,10/12/2025,538,20,3,105
32e5129a-1fc7-4485-a414-ffbbee2831fd,12/12/2025,836,52,3,261
c8086f0e-164e-47a3-8c44-483569e03377,4/18/2025,236,18,3,63
90991f22-10fb-436d-a4bd-b251aea091b9,11/22/2025,622,92,1,39
1496cb6d-d9bb-46f5-ae62-3a997ef74dd0,10/22/2025,959,22,3,219
1eef5395-eb8c-4366-bb08-1dedd77d23b9,4/29/2025,478,21,5,440
2b824dd5-1896-434e-a2ac-3d39bb1191be,11/28/2025,37,79,1,25
01414b25-f245-4317-a554-0dde12f69a00,1/23/2026,931,93,4,388
23a31aea-5a3c-4365-bd7e-683e6bd82aa1,11/2/2025,298,56,2,146
dbf6075d-85ce-4d49-87f2-309914f042a9,6/13/2025,985,58,3,192
4808eb42-ddb0-46af-87cf-e5646ab6a602,4/30/2025,928,64,1,35
63f7f3b5-6a68-4a91-aab8-eeb5dde13618,1/3/2026,733,1,1,70
d306196d-39c6-43d8-88d2-2ae05585cf3c,9/13/2025,561,77,5,160
a0595cec-47b4-4745-9ede-1a7b2aabb34f,1/19/2026,616,75,1,52
9e6ad3b0-ee64-4b4e-946f-41bce33f565d,7/31/2025,278,98,3,204
180767ee-939e-4ca2-a2b9-c4a4e038d580,10/20/2025,357,67,2,154
5286ea43-ae7a-4fb0-8b80-67b2331ba8f9,7/5/2025,515,13,5,460
075dac44-93b0-48c0-9fb7-0ca34cf42a20,3/18/2026,705,55,5,370
2ef3fbbc-2a71-4d42-ac77-448bb0bb84da,1/20/2026,485,1,5,390
b667149b-372b-4b19-94d8-ad0c3b9dd363,8/29/2025,638,35,3,279
0a3ef424-a1e9-4a7a-9f43-de63f0cfa679,8/10/2025,928,79,4,380
d6501749-1d4e-44d9-9932-bf434be77e60,3/19/2026,555,31,5,115
2b2d7b64-9e0c-488e-83bf-e948373d03b2,4/15/2025,757,44,5,300
88d65127-3c0b-4042-95a6-be832d7cdd29,4/12/2025,856,88,3,195
b412f716-8c36-4eb3-b842-ab6ec4979cab,10/22/2025,829,98,1,78
6327d8f5-f49f-4900-b879-ca1be363f806,12/19/2025,718,76,2,156
cb4b690f-8491-4229-917a-7d6b4df4fc16,4/29/2025,509,47,3,66
900bdd89-922e-4764-bd79-ae13e40495a9,2/14/2026,391,50,3,279
9aed688c-ab09-4b6b-af73-492a20079ce5,2/15/2026,901,9,2,144
4334ee2f-b1fb-4035-945b-b7ea493b55a7,3/30/2025,938,35,2,34
c49076fe-e244-49de-bf7d-213b9e526687,7/17/2025,735,51,1,20
e77702aa-c622-4d9b-a419-1830cba9423f,8/24/2025,727,31,3,147
7ca894fb-934d-4362-a6ee-bb561315169f,2/15/2026,22,46,2,60
6499e080-fec2-47a5-9eee-58b139b7bebc,7/11/2025,264,1,2,90
af8379b9-2b73-4b25-ab9c-65bae4118a02,1/11/2026,214,90,5,495
c90a23c2-8b6e-4768-b60a-5c2ea16884c7,10/10/2025,205,30,4,336
b6130276-4252-4dac-8de3-dca89a947f4c,9/21/2025,791,79,3,165
61d3b357-a2eb-47f1-9036-90579cd3a4ce,10/4/2025,643,67,2,158
7c43674f-5926-4399-9954-162a14231a11,10/29/2025,557,90,3,216
e74a0f06-888e-4bf1-92f9-d4fed69cecc4,9/25/2025,563,55,5,335
aa87b80d-fee4-4276-985d-6f7cbd89a9b6,5/23/2025,534,52,5,425
609cda85-7f57-4faa-aa56-12388c1053cd,7/15/2025,318,64,1,97
1545190e-b090-4e77-bab1-3a523191550c,5/11/2025,741,26,4,140
592548f2-572c-47cf-bc42-6d62d28804af,11/8/2025,9,90,1,65
64c67f0d-22ae-4c4c-bdab-783ca5bb8516,5/22/2025,226,72,2,144
a32c8dc4-e16a-486d-bae6-52756d63112f,10/8/2025,1,90,1,28
6e64db82-4953-493f-a023-b13992fcda2f,1/30/2026,437,1,5,500
3804a771-b917-4c06-9e65-337df0935940,10/16/2025,13,67,5,115
342b7f42-dce7-4332-ad08-7d61035af924,9/5/2025,726,65,1,67
1653d5a0-7bd5-4675-a4f0-68037a121485,4/14/2025,959,57,3,165
624ebd0a-6687-444f-83c6-da33d110bbde,4/12/2025,912,98,2,190
caad6345-3e84-44a3-a372-253d1d968070,2/4/2026,516,74,4,372
2ffe03b7-d258-4c6b-a657-b6bb3496b73c,3/25/2025,391,43,1,75
6ecac10d-8c84-4792-b54e-54401917a6b9,11/10/2025,346,99,1,50
9763d558-45f1-4117-933c-7d97efffc08a,10/31/2025,220,50,2,44
73c30e4f-ef3c-425c-9419-9506254a4c26,7/23/2025,350,100,2,26
a0a65ea3-459a-4a02-8fb1-31c096c530ce,8/5/2025,380,59,3,42
c2ada162-ced6-42d9-9725-b70dc7fbc374,5/1/2025,272,96,2,176
c232581f-6851-437e-9acb-c675af5ba0b8,11/29/2025,676,71,4,364
e6c0df48-ab44-49d4-b50b-78567a127359,11/28/2025,368,14,2,106
0f638eac-f43e-4477-bf51-a24b0e8ed0ac,5/5/2025,402,30,2,178
894606a6-2516-4995-bf2f-90dca3d50cd9,2/17/2026,149,20,3,210
f09fbcbf-9532-4ce4-a35a-9fd7543f22e1,5/15/2025,519,99,3,294
64a8c16e-59a5-454e-90ad-780b023a2c47,10/8/2025,384,92,2,30
929a07c6-9b93-4cf7-9cab-e3c893b2f0b4,5/13/2025,884,42,2,44
57855f30-7833-4267-b30a-5e796c0b9c07,6/26/2025,287,77,5,295
edcd022b-19e4-4846-9120-b10f7ca432a6,4/3/2025,403,84,4,144
ce8aa166-a5c2-45b6-b414-6cbb389a6b1f,5/13/2025,434,5,5,465
f886bf38-63ef-49fa-b3c6-f1074907758a,2/8/2026,989,42,2,136
48456b40-ce88-4e53-af39-6bb360001398,4/30/2025,112,94,3,228
fe8ff52f-e8f6-4bb0-bf57-d17a99e825cf,9/23/2025,108,67,1,31
7f7da5cb-1bd3-4ca9-901f-004617ec4ed8,9/26/2025,244,36,5,50
41d415a6-3d6f-4c20-8a62-b811bb289ab0,11/17/2025,478,58,1,18
0b83bbdf-7ee1-45bc-b1d9-8c9dbc08a07b,12/15/2025,492,26,4,252
1daf1f89-49b7-4dda-a5a9-e470a59a0860,3/4/2026,652,28,4,72
a32ea20f-54ed-4e5e-afec-0701b226fd9c,6/13/2025,160,61,3,99
2b7c9351-634a-4eaa-b004-b92433bfdd63,1/27/2026,565,23,3,36
6bac8cf0-fb5c-40f8-b518-b791ddb29e31,5/7/2025,640,3,1,56
0058a30f-485e-4962-955f-aac9f95779a8,9/20/2025,82,53,4,148
e27a3beb-fbd5-403b-b530-71a620d2c9c7,7/26/2025,857,12,1,54
6d835cb9-de2c-4be7-bef9-345d59a40107,9/18/2025,303,76,3,276
0200b2e4-fab9-41a7-90d0-e6129bd9b5f5,7/29/2025,289,67,3,213
1577ecf4-8a7f-4cea-80fe-d630d36a3423,5/20/2025,708,22,5,355
